date,time,open_price,high_price,low_price,close_price
2023-03-20,00:00:00,27546.62,27590.0,27528.57,27528.57
2023-03-20,00:01:00,27530.64,27557.0,27470.0,27505.6
2023-03-20,00:02:00,27507.9,27584.26,27500.49,27574.6
2023-03-20,00:03:00,27574.6,27641.99,27555.62,27627.85
2023-03-20,00:04:00,27627.86,27645.0,27597.83,27635.56
2023-03-20,00:05:00,27635.56,27670.0,27596.15,27599.3
2023-03-20,00:06:00,27601.96,27648.5,27594.08,27638.85
2023-03-20,00:07:00,27641.72,27646.82,27619.62,27638.23
2023-03-20,00:08:00,27639.41,27639.41,27594.86,27611.05
2023-03-20,00:09:00,27609.74,27614.07,27547.22,27559.55
2023-03-20,00:10:00,27557.78,27578.49,27513.61,27577.91
2023-03-20,00:11:00,27576.25,27606.23,27548.57,27548.9
2023-03-20,00:12:00,27548.9,27585.37,27532.17,27582.82
2023-03-20,00:13:00,27584.36,27592.83,27565.72,27576.83
2023-03-20,00:14:00,27576.83,27614.0,27521.95,27540.47
2023-03-20,00:15:00,27540.47,27574.96,27525.7,27537.5
2023-03-20,00:16:00,27537.51,27570.83,27526.22,27568.92
2023-03-20,00:17:00,27568.92,27579.45,27528.0,27574.57
2023-03-20,00:18:00,27574.57,27626.51,27569.82,27616.76
2023-03-20,00:19:00,27616.76,27655.61,27613.47,27627.33
2023-03-20,00:20:00,27629.83,27638.61,27588.24,27592.38
2023-03-20,00:21:00,27590.42,27630.45,27577.0,27619.49
2023-03-20,00:22:00,27620.85,27640.74,27601.63,27619.11
2023-03-20,00:23:00,27617.2,27640.0,27597.08,27628.63
2023-03-20,00:24:00,27626.65,27633.98,27604.57,27625.13
2023-03-20,00:25:00,27624.02,27646.8,27614.16,27631.48
2023-03-20,00:26:00,27629.5,27638.06,27603.44,27618.66
2023-03-20,00:27:00,27619.79,27619.79,27571.35,27602.68
2023-03-20,00:28:00,27600.35,27620.56,27586.44,27597.33
2023-03-20,00:29:00,27595.93,27610.23,27582.6,27607.88
2023-03-20,00:30:00,27607.88,27616.28,27574.08,27576.39
2023-03-20,00:31:00,27576.39,27601.0,27565.87,27597.98
2023-03-20,00:32:00,27597.98,27699.0,27596.04,27681.28
2023-03-20,00:33:00,27678.22,27866.0,27640.18,27851.32
2023-03-20,00:34:00,27846.6,27929.66,27765.24,27830.76
2023-03-20,00:35:00,27830.76,27880.8,27795.39,27838.18
2023-03-20,00:36:00,27837.51,27894.27,27807.42,27873.44
2023-03-20,00:37:00,27870.22,27942.0,27854.09,27917.81
2023-03-20,00:38:00,27920.57,27986.66,27869.2,27904.24
2023-03-20,00:39:00,27903.78,27926.79,27845.74,27891.15
2023-03-20,00:40:00,27887.04,27934.36,27874.4,27915.43
2023-03-20,00:41:00,27915.43,27975.64,27910.46,27945.0
2023-03-20,00:42:00,27947.02,27986.0,27885.0,27979.81
2023-03-20,00:43:00,27977.65,27985.48,27933.04,27956.18
2023-03-20,00:44:00,27958.85,27958.85,27923.31,27952.29
2023-03-20,00:45:00,27955.82,27960.96,27892.27,27913.94
2023-03-20,00:46:00,27912.25,27928.66,27883.39,27903.33
2023-03-20,00:47:00,27905.9,27984.22,27903.33,27982.31
2023-03-20,00:48:00,27980.88,28136.56,27974.85,28080.74
2023-03-20,00:49:00,28080.74,28118.49,28030.47,28098.4
2023-03-20,00:50:00,28098.4,28142.0,28051.0,28132.43
2023-03-20,00:51:00,28132.43,28186.87,28086.66,28114.37
2023-03-20,00:52:00,28116.25,28130.07,28080.3,28091.72
2023-03-20,00:53:00,28091.72,28110.99,28014.31,28043.78
2023-03-20,00:54:00,28043.78,28060.0,27962.16,27977.03
2023-03-20,00:55:00,27979.46,28019.42,27970.65,28001.57
2023-03-20,00:56:00,28001.57,28056.71,28000.11,28038.48
2023-03-20,00:57:00,28041.41,28051.43,27914.83,27934.18
2023-03-20,00:58:00,27936.35,27962.43,27856.9,27872.11
2023-03-20,00:59:00,27876.56,27959.8,27866.12,27923.37
2023-03-20,01:00:00,27918.86,27952.37,27820.64,27824.19
2023-03-20,01:01:00,27825.19,27876.55,27716.18,27775.01
2023-03-20,01:02:00,27775.01,27830.18,27722.96,27828.24
2023-03-20,01:03:00,27828.24,27875.2,27806.56,27854.26
2023-03-20,01:04:00,27854.25,27886.24,27827.91,27851.59
2023-03-20,01:05:00,27852.98,27873.26,27824.03,27828.05
2023-03-20,01:06:00,27831.15,27875.72,27793.71,27862.2
2023-03-20,01:07:00,27864.26,27957.48,27845.07,27928.66
2023-03-20,01:08:00,27931.07,28007.65,27928.66,27968.43
2023-03-20,01:09:00,27968.43,27974.97,27927.47,27948.67
2023-03-20,01:10:00,27948.67,27998.25,27947.0,27971.35
2023-03-20,01:11:00,27971.35,28029.54,27947.02,27952.79
2023-03-20,01:12:00,27956.14,27970.0,27903.35,27965.39
2023-03-20,01:13:00,27965.39,27970.36,27920.49,27951.73
2023-03-20,01:14:00,27950.41,27994.66,27936.68,27938.58
2023-03-20,01:15:00,27938.58,27996.37,27938.58,27965.62
2023-03-20,01:16:00,27965.62,27993.2,27958.11,27972.37
2023-03-20,01:17:00,27972.37,27976.18,27898.2,27898.32
2023-03-20,01:18:00,27901.42,27945.65,27895.79,27943.52
2023-03-20,01:19:00,27943.52,27988.0,27925.36,27979.03
2023-03-20,01:20:00,27979.03,27989.99,27913.57,27924.38
2023-03-20,01:21:00,27924.38,27950.0,27902.8,27941.65
2023-03-20,01:22:00,27941.65,27960.0,27866.63,27868.22
2023-03-20,01:23:00,27868.22,27919.73,27859.94,27908.76
2023-03-20,01:24:00,27908.76,27924.99,27882.81,27907.54
2023-03-20,01:25:00,27907.54,27918.95,27886.14,27898.91
2023-03-20,01:26:00,27898.91,27911.32,27861.83,27884.73
2023-03-20,01:27:00,27887.73,27912.0,27878.78,27898.97
2023-03-20,01:28:00,27900.09,27906.37,27844.98,27849.49
2023-03-20,01:29:00,27849.49,27905.31,27844.54,27892.68
2023-03-20,01:30:00,27892.68,27905.87,27863.75,27866.61
2023-03-20,01:31:00,27865.73,27869.03,27823.05,27864.02
2023-03-20,01:32:00,27864.02,27891.56,27863.0,27885.41
2023-03-20,01:33:00,27885.41,27911.0,27871.44,27892.19
2023-03-20,01:34:00,27892.19,27931.25,27891.95,27923.27
2023-03-20,01:35:00,27921.72,27948.96,27909.94,27943.27
2023-03-20,01:36:00,27941.89,27970.94,27939.41,27965.99
2023-03-20,01:37:00,27965.99,27980.67,27960.01,27963.8
2023-03-20,01:38:00,27963.8,27983.26,27935.69,27972.05
2023-03-20,01:39:00,27972.05,28000.0,27955.0,27999.96
2023-03-20,01:40:00,27999.96,28000.0,27964.25,27972.34
2023-03-20,01:41:00,27970.93,28006.66,27960.26,28005.68
2023-03-20,01:42:00,28006.66,28011.17,27975.01,27983.66
2023-03-20,01:43:00,27982.37,28004.45,27977.14,27990.86
2023-03-20,01:44:00,27989.17,28003.53,27985.62,27990.86
2023-03-20,01:45:00,27990.3,28056.92,27971.02,28013.77
2023-03-20,01:46:00,28013.77,28065.0,27999.47,28001.09
2023-03-20,01:47:00,28000.38,28002.95,27956.01,27971.1
2023-03-20,01:48:00,27971.1,27989.51,27953.0,27964.21
2023-03-20,01:49:00,27964.21,27965.25,27907.29,27911.61
2023-03-20,01:50:00,27912.23,27942.05,27905.44,27936.69
2023-03-20,01:51:00,27936.72,27950.0,27905.12,27909.93
2023-03-20,01:52:00,27910.95,27935.0,27898.43,27933.97
2023-03-20,01:53:00,27933.97,27953.83,27917.06,27923.31
2023-03-20,01:54:00,27924.79,27938.06,27900.0,27937.35
2023-03-20,01:55:00,27936.33,27944.83,27900.0,27917.31
2023-03-20,01:56:00,27917.31,27925.28,27898.13,27904.49
2023-03-20,01:57:00,27903.11,27925.35,27903.1,27922.93
2023-03-20,01:58:00,27921.56,27934.47,27895.86,27911.08
2023-03-20,01:59:00,27912.48,27925.0,27884.72,27897.98
2023-03-20,02:00:00,27897.98,27923.4,27875.0,27916.93
2023-03-20,02:01:00,27916.93,27927.27,27856.08,27860.66
2023-03-20,02:02:00,27860.67,27879.66,27833.73,27866.86
2023-03-20,02:03:00,27868.96,27911.47,27862.02,27902.53
2023-03-20,02:04:00,27904.71,27915.0,27886.52,27898.96
2023-03-20,02:05:00,27897.27,27909.73,27883.08,27886.57
2023-03-20,02:06:00,27887.73,27891.7,27861.0,27891.2
2023-03-20,02:07:00,27891.19,27938.89,27887.86,27918.6
2023-03-20,02:08:00,27918.59,27947.87,27916.46,27942.19
2023-03-20,02:09:00,27942.19,27969.89,27912.97,27922.29
2023-03-20,02:10:00,27920.83,27944.81,27907.07,27921.57
2023-03-20,02:11:00,27922.47,27923.53,27890.0,27893.4
2023-03-20,02:12:00,27893.26,27898.19,27875.05,27888.65
2023-03-20,02:13:00,27886.81,27915.0,27886.81,27891.28
2023-03-20,02:14:00,27892.92,27909.62,27891.28,27892.48
2023-03-20,02:15:00,27894.23,27910.0,27871.16,27896.69
2023-03-20,02:16:00,27896.7,27904.99,27870.45,27872.41
2023-03-20,02:17:00,27874.0,27894.94,27870.72,27885.53
2023-03-20,02:18:00,27885.53,27913.06,27885.53,27905.78
2023-03-20,02:19:00,27904.24,27959.7,27901.93,27952.19
2023-03-20,02:20:00,27953.62,27965.0,27940.0,27949.03
2023-03-20,02:21:00,27947.48,27975.0,27945.87,27967.04
2023-03-20,02:22:00,27968.26,27975.32,27946.8,27955.71
2023-03-20,02:23:00,27955.71,27986.0,27951.92,27969.47
2023-03-20,02:24:00,27970.91,27974.86,27955.02,27970.92
2023-03-20,02:25:00,27970.92,27973.05,27951.62,27957.65
2023-03-20,02:26:00,27959.03,28002.97,27949.54,27995.33
2023-03-20,02:27:00,27995.33,27999.14,27979.39,27995.55
2023-03-20,02:28:00,27995.55,27996.65,27974.34,27992.28
2023-03-20,02:29:00,27992.28,28025.35,27961.68,27981.62
2023-03-20,02:30:00,27981.62,28000.0,27967.09,27995.43
2023-03-20,02:31:00,27997.15,28003.18,27961.74,27973.76
2023-03-20,02:32:00,27972.1,28017.22,27964.16,28004.17
2023-03-20,02:33:00,28004.17,28025.0,27999.04,28021.22
2023-03-20,02:34:00,28021.22,28062.11,28019.55,28044.05
2023-03-20,02:35:00,28044.05,28050.44,28019.84,28036.3
2023-03-20,02:36:00,28036.3,28099.99,28021.33,28067.07
2023-03-20,02:37:00,28065.94,28068.92,28029.73,28049.37
2023-03-20,02:38:00,28047.25,28080.0,28038.33,28076.89
2023-03-20,02:39:00,28075.39,28086.72,28047.19,28077.97
2023-03-20,02:40:00,28080.15,28133.4,28055.85,28102.2
2023-03-20,02:41:00,28102.2,28200.0,28100.28,28163.22
2023-03-20,02:42:00,28163.01,28212.0,28137.87,28146.3
2023-03-20,02:43:00,28148.16,28148.18,28077.37,28083.14
2023-03-20,02:44:00,28079.69,28132.5,28077.37,28112.85
2023-03-20,02:45:00,28112.86,28142.17,28103.26,28120.82
2023-03-20,02:46:00,28121.96,28148.0,28112.68,28142.15
2023-03-20,02:47:00,28141.93,28159.86,28121.2,28141.02
2023-03-20,02:48:00,28142.65,28152.75,28111.88,28128.88
2023-03-20,02:49:00,28129.98,28136.31,28060.14,28077.18
2023-03-20,02:50:00,28077.18,28112.5,28072.95,28111.17
2023-03-20,02:51:00,28111.17,28142.42,28111.17,28137.84
2023-03-20,02:52:00,28137.84,28167.67,28132.85,28135.39
2023-03-20,02:53:00,28138.34,28167.7,28130.0,28135.03
2023-03-20,02:54:00,28133.06,28165.59,28133.06,28151.96
2023-03-20,02:55:00,28151.96,28158.12,28125.71,28126.94
2023-03-20,02:56:00,28129.19,28150.67,28110.86,28133.35
2023-03-20,02:57:00,28131.22,28148.65,28127.58,28146.69
2023-03-20,02:58:00,28148.01,28280.0,28145.49,28259.62
2023-03-20,02:59:00,28259.62,28320.0,28221.55,28303.69
2023-03-20,03:00:00,28309.09,28350.0,28230.0,28260.92
2023-03-20,03:01:00,28262.72,28267.4,28206.37,28228.65
2023-03-20,03:02:00,28224.9,28299.0,28224.9,28278.12
2023-03-20,03:03:00,28276.45,28290.0,28231.61,28284.45
2023-03-20,03:04:00,28282.47,28315.58,28253.02,28257.63
2023-03-20,03:05:00,28261.2,28274.68,28232.92,28265.57
2023-03-20,03:06:00,28266.84,28315.0,28257.49,28272.15
2023-03-20,03:07:00,28270.14,28294.01,28261.23,28284.39
2023-03-20,03:08:00,28284.38,28348.46,28282.82,28326.22
2023-03-20,03:09:00,28326.22,28337.19,28270.82,28292.13
2023-03-20,03:10:00,28292.13,28376.0,28280.0,28338.99
2023-03-20,03:11:00,28338.99,28353.22,28312.24,28330.54
2023-03-20,03:12:00,28328.86,28347.21,28283.0,28311.34
2023-03-20,03:13:00,28311.35,28325.75,28290.0,28320.74
2023-03-20,03:14:00,28318.67,28353.47,28301.65,28311.72
2023-03-20,03:15:00,28311.72,28315.2,28272.0,28277.04
2023-03-20,03:16:00,28277.04,28297.21,28230.0,28273.3
2023-03-20,03:17:00,28271.89,28312.42,28268.98,28306.19
2023-03-20,03:18:00,28307.35,28323.56,28280.0,28284.55
2023-03-20,03:19:00,28284.55,28284.55,28221.11,28230.92
2023-03-20,03:20:00,28227.66,28274.14,28197.98,28261.6
2023-03-20,03:21:00,28261.6,28265.54,28210.0,28227.25
2023-03-20,03:22:00,28229.13,28249.79,28183.46,28215.29
2023-03-20,03:23:00,28215.29,28236.67,28191.64,28210.16
2023-03-20,03:24:00,28210.33,28229.13,28201.7,28213.42
2023-03-20,03:25:00,28211.09,28258.69,28207.2,28242.45
2023-03-20,03:26:00,28242.45,28263.14,28220.67,28225.35
2023-03-20,03:27:00,28225.35,28283.29,28225.35,28267.18
2023-03-20,03:28:00,28267.18,28287.91,28248.88,28267.57
2023-03-20,03:29:00,28267.57,28267.58,28230.93,28233.93
2023-03-20,03:30:00,28233.73,28265.34,28231.55,28245.66
2023-03-20,03:31:00,28247.89,28314.69,28245.66,28305.46
2023-03-20,03:32:00,28305.46,28337.35,28272.77,28336.08
2023-03-20,03:33:00,28331.99,28346.93,28313.48,28329.72
2023-03-20,03:34:00,28329.72,28333.59,28292.43,28302.82
2023-03-20,03:35:00,28302.82,28317.48,28242.42,28269.46
2023-03-20,03:36:00,28271.84,28272.59,28205.1,28217.74
2023-03-20,03:37:00,28220.6,28225.88,28162.6,28181.23
2023-03-20,03:38:00,28178.49,28212.48,28171.99,28191.24
2023-03-20,03:39:00,28188.57,28225.98,28177.37,28216.1
2023-03-20,03:40:00,28216.1,28225.67,28182.01,28217.74
2023-03-20,03:41:00,28219.96,28246.25,28206.76,28206.84
2023-03-20,03:42:00,28206.84,28209.74,28169.02,28204.08
2023-03-20,03:43:00,28202.34,28222.81,28181.0,28196.06
2023-03-20,03:44:00,28193.82,28205.0,28180.0,28193.24
2023-03-20,03:45:00,28193.24,28205.0,28170.0,28198.28
2023-03-20,03:46:00,28201.0,28223.06,28180.08,28188.08
2023-03-20,03:47:00,28188.08,28214.0,28180.54,28193.81
2023-03-20,03:48:00,28194.93,28224.11,28182.0,28209.65
2023-03-20,03:49:00,28208.61,28223.08,28200.03,28211.58
2023-03-20,03:50:00,28212.78,28224.02,28195.34,28219.52
2023-03-20,03:51:00,28219.52,28272.51,28217.58,28244.67
2023-03-20,03:52:00,28244.67,28280.0,28240.0,28251.51
2023-03-20,03:53:00,28249.33,28261.0,28236.41,28258.74
2023-03-20,03:54:00,28257.32,28269.67,28247.64,28256.37
2023-03-20,03:55:00,28253.63,28265.0,28238.51,28250.13
2023-03-20,03:56:00,28250.13,28256.88,28215.99,28225.74
2023-03-20,03:57:00,28225.73,28256.84,28221.78,28229.9
2023-03-20,03:58:00,28229.9,28258.82,28220.36,28254.29
2023-03-20,03:59:00,28254.29,28258.62,28232.27,28255.87
2023-03-20,04:00:00,28255.35,28269.99,28227.79,28263.55
2023-03-20,04:01:00,28266.93,28315.0,28263.56,28306.91
2023-03-20,04:02:00,28306.91,28310.44,28270.43,28302.75
2023-03-20,04:03:00,28302.75,28326.8,28297.94,28320.95
2023-03-20,04:04:00,28320.95,28339.43,28304.95,28331.72
2023-03-20,04:05:00,28331.72,28333.94,28306.43,28310.01
2023-03-20,04:06:00,28310.01,28316.77,28228.57,28252.98
2023-03-20,04:07:00,28250.4,28289.98,28244.54,28289.41
2023-03-20,04:08:00,28289.41,28316.83,28278.95,28309.09
2023-03-20,04:09:00,28309.09,28311.5,28258.8,28267.33
2023-03-20,04:10:00,28267.33,28292.78,28267.13,28281.86
2023-03-20,04:11:00,28281.86,28390.1,28275.0,28361.07
2023-03-20,04:12:00,28355.18,28361.06,28231.52,28260.63
2023-03-20,04:13:00,28256.56,28290.65,28139.01,28164.7
2023-03-20,04:14:00,28164.7,28169.63,28082.28,28152.58
2023-03-20,04:15:00,28149.85,28171.77,28118.4,28159.7
2023-03-20,04:16:00,28159.7,28182.08,27925.34,28021.09
2023-03-20,04:17:00,28025.98,28079.45,27986.0,28064.89
2023-03-20,04:18:00,28064.89,28126.11,28060.78,28098.4
2023-03-20,04:19:00,28098.39,28109.79,28045.0,28069.13
2023-03-20,04:20:00,28073.02,28096.47,28051.27,28051.94
2023-03-20,04:21:00,28051.94,28060.58,27990.02,27996.41
2023-03-20,04:22:00,27996.41,28043.69,27968.41,28036.39
2023-03-20,04:23:00,28036.39,28044.95,27979.34,28012.24
2023-03-20,04:24:00,28012.24,28026.95,27980.0,28008.9
2023-03-20,04:25:00,28008.9,28035.67,27980.32,28012.42
2023-03-20,04:26:00,28009.8,28018.96,27923.0,27978.95
2023-03-20,04:27:00,27978.95,28000.0,27971.0,27990.93
2023-03-20,04:28:00,27990.93,27998.98,27942.02,27979.44
2023-03-20,04:29:00,27977.31,27998.59,27953.28,27972.59
2023-03-20,04:30:00,27972.59,27994.07,27946.91,27982.97
2023-03-20,04:31:00,27980.97,28058.7,27980.46,28045.44
2023-03-20,04:32:00,28048.25,28049.79,28008.18,28014.29
2023-03-20,04:33:00,28016.43,28029.1,27991.66,28015.78
2023-03-20,04:34:00,28017.7,28024.07,27992.26,28013.56
2023-03-20,04:35:00,28011.95,28019.07,27973.23,28011.7
2023-03-20,04:36:00,28011.7,28017.75,27984.17,27987.47
2023-03-20,04:37:00,27987.47,27994.7,27916.24,27925.0
2023-03-20,04:38:00,27925.0,27930.64,27800.0,27835.39
2023-03-20,04:39:00,27840.58,27846.95,27738.0,27788.05
2023-03-20,04:40:00,27788.05,27879.46,27773.74,27875.63
2023-03-20,04:41:00,27875.63,27910.66,27850.0,27884.59
2023-03-20,04:42:00,27886.02,27929.89,27880.79,27910.43
2023-03-20,04:43:00,27907.26,27921.16,27843.0,27881.15
2023-03-20,04:44:00,27883.63,27912.19,27871.86,27884.47
2023-03-20,04:45:00,27881.99,27898.16,27842.78,27851.45
2023-03-20,04:46:00,27854.84,27888.3,27834.87,27875.64
2023-03-20,04:47:00,27872.37,27908.63,27848.0,27861.35
2023-03-20,04:48:00,27863.99,27883.06,27832.95,27860.76
2023-03-20,04:49:00,27860.76,27906.94,27857.01,27886.47
2023-03-20,04:50:00,27887.53,27911.73,27866.65,27904.67
2023-03-20,04:51:00,27904.67,27915.87,27882.0,27889.4
2023-03-20,04:52:00,27885.15,27922.27,27870.11,27909.36
2023-03-20,04:53:00,27909.33,27940.71,27880.0,27897.91
2023-03-20,04:54:00,27892.91,27901.76,27854.55,27871.0
2023-03-20,04:55:00,27868.62,27891.88,27860.0,27870.45
2023-03-20,04:56:00,27868.24,27900.0,27860.0,27873.08
2023-03-20,04:57:00,27871.18,27893.16,27860.01,27870.4
2023-03-20,04:58:00,27868.72,27919.31,27860.68,27909.65
2023-03-20,04:59:00,27909.65,27916.5,27880.0,27889.22
2023-03-20,05:00:00,27887.19,27933.55,27868.0,27923.65
2023-03-20,05:01:00,27926.64,27974.09,27903.09,27969.36
2023-03-20,05:02:00,27969.36,27982.64,27938.15,27977.25
2023-03-20,05:03:00,27977.25,27992.29,27959.48,27977.0
2023-03-20,05:04:00,27978.72,28036.4,27974.7,28025.46
2023-03-20,05:05:00,28028.17,28088.23,28020.19,28049.73
2023-03-20,05:06:00,28049.73,28079.72,28017.3,28032.51
2023-03-20,05:07:00,28032.51,28089.64,28014.76,28079.24
2023-03-20,05:08:00,28080.67,28198.48,28079.24,28173.43
2023-03-20,05:09:00,28168.15,28215.8,28141.47,28160.29
2023-03-20,05:10:00,28160.29,28164.96,28085.8,28098.18
2023-03-20,05:11:00,28103.33,28145.0,28085.92,28113.69
2023-03-20,05:12:00,28111.29,28125.51,28084.54,28107.99
2023-03-20,05:13:00,28104.53,28110.03,28054.53,28093.58
2023-03-20,05:14:00,28093.58,28133.42,28092.38,28112.49
2023-03-20,05:15:00,28110.37,28119.7,28070.6,28108.73
2023-03-20,05:16:00,28108.46,28158.77,28103.71,28145.18
2023-03-20,05:17:00,28145.18,28195.31,28145.18,28156.1
2023-03-20,05:18:00,28156.1,28193.48,28128.78,28187.58
2023-03-20,05:19:00,28187.58,28216.92,28169.35,28209.9
2023-03-20,05:20:00,28209.9,28215.69,28156.74,28168.57
2023-03-20,05:21:00,28168.57,28172.78,28132.66,28145.93
2023-03-20,05:22:00,28148.48,28162.47,28113.54,28139.82
2023-03-20,05:23:00,28138.38,28158.54,28120.0,28124.14
2023-03-20,05:24:00,28124.14,28137.64,28108.33,28112.51
2023-03-20,05:25:00,28113.04,28128.5,28096.95,28109.88
2023-03-20,05:26:00,28109.88,28116.08,28080.0,28115.88
2023-03-20,05:27:00,28113.88,28120.0,28079.53,28088.4
2023-03-20,05:28:00,28089.93,28103.32,28077.0,28096.29
2023-03-20,05:29:00,28096.29,28117.05,28091.35,28107.22
2023-03-20,05:30:00,28107.22,28127.41,28081.0,28082.08
2023-03-20,05:31:00,28083.76,28113.24,28067.66,28111.17
2023-03-20,05:32:00,28111.17,28135.77,28110.97,28120.69
2023-03-20,05:33:00,28123.83,28125.0,28080.25,28103.03
2023-03-20,05:34:00,28102.41,28108.4,28082.42,28086.69
2023-03-20,05:35:00,28086.69,28098.82,28074.81,28082.33
2023-03-20,05:36:00,28080.68,28082.43,28010.0,28033.12
2023-03-20,05:37:00,28033.12,28035.32,27962.8,28011.85
2023-03-20,05:38:00,28015.0,28022.67,27976.44,28020.75
2023-03-20,05:39:00,28020.75,28054.5,28002.55,28014.87
2023-03-20,05:40:00,28014.87,28033.0,27984.58,28025.66
2023-03-20,05:41:00,28025.66,28082.59,28023.69,28078.14
2023-03-20,05:42:00,28078.14,28079.99,28030.76,28055.53
2023-03-20,05:43:00,28053.62,28064.25,28034.85,28036.97
2023-03-20,05:44:00,28039.91,28048.0,28030.27,28043.45
2023-03-20,05:45:00,28043.75,28044.95,28000.88,28032.8
2023-03-20,05:46:00,28032.8,28077.06,28031.03,28069.6
2023-03-20,05:47:00,28071.08,28073.38,28032.02,28033.3
2023-03-20,05:48:00,28033.3,28064.66,28033.09,28057.7
2023-03-20,05:49:00,28059.05,28059.07,28039.38,28049.9
2023-03-20,05:50:00,28049.9,28049.9,27968.75,28004.29
2023-03-20,05:51:00,28001.7,28033.0,27962.35,27998.18
2023-03-20,05:52:00,28001.03,28001.03,27969.4,27972.15
2023-03-20,05:53:00,27973.41,27977.31,27951.0,27963.19
2023-03-20,05:54:00,27963.19,27999.99,27961.45,27976.42
2023-03-20,05:55:00,27976.44,27993.33,27970.25,27990.46
2023-03-20,05:56:00,27990.46,28018.0,27987.5,28016.71
2023-03-20,05:57:00,28016.71,28038.5,27980.77,27996.98
2023-03-20,05:58:00,27996.98,28003.68,27951.0,27956.57
2023-03-20,05:59:00,27958.91,27999.18,27956.43,27975.77
2023-03-20,06:00:00,27977.53,27992.26,27904.78,27915.56
2023-03-20,06:01:00,27915.56,27940.61,27885.42,27891.06
2023-03-20,06:02:00,27888.36,27943.56,27870.01,27905.15
2023-03-20,06:03:00,27905.15,28008.38,27902.62,27996.09
2023-03-20,06:04:00,27993.47,28054.72,27990.67,28025.6
2023-03-20,06:05:00,28025.6,28048.12,28010.0,28024.52
2023-03-20,06:06:00,28021.71,28040.67,27996.02,28003.78
2023-03-20,06:07:00,28001.48,28038.0,28001.0,28018.99
2023-03-20,06:08:00,28020.74,28043.0,28013.06,28018.97
2023-03-20,06:09:00,28017.1,28045.0,28016.91,28030.0
2023-03-20,06:10:00,28030.0,28082.0,28028.0,28065.99
2023-03-20,06:11:00,28068.18,28086.24,28052.44,28080.0
2023-03-20,06:12:00,28080.0,28083.0,28039.0,28047.66
2023-03-20,06:13:00,28049.37,28071.84,28047.66,28062.84
2023-03-20,06:14:00,28062.84,28073.64,28040.0,28051.0
2023-03-20,06:15:00,28051.0,28099.59,28048.29,28087.12
2023-03-20,06:16:00,28089.45,28089.45,28050.0,28072.0
2023-03-20,06:17:00,28069.81,28072.0,28028.16,28031.48
2023-03-20,06:18:00,28031.48,28039.11,28017.1,28028.25
2023-03-20,06:19:00,28030.6,28051.26,28020.01,28045.02
2023-03-20,06:20:00,28045.02,28063.84,28025.11,28053.77
2023-03-20,06:21:00,28050.85,28057.59,28028.31,28031.87
2023-03-20,06:22:00,28031.87,28038.0,28018.4,28025.71
2023-03-20,06:23:00,28023.62,28025.71,27968.06,27982.63
2023-03-20,06:24:00,27985.06,27991.72,27950.23,27990.19
2023-03-20,06:25:00,27988.62,28002.54,27971.09,27972.77
2023-03-20,06:26:00,27975.26,28016.14,27968.55,27996.61
2023-03-20,06:27:00,27996.24,28017.07,27986.3,28009.01
2023-03-20,06:28:00,28010.1,28030.37,27993.43,28030.03
2023-03-20,06:29:00,28027.96,28038.0,28016.39,28028.59
2023-03-20,06:30:00,28029.2,28033.55,28004.78,28015.9
2023-03-20,06:31:00,28015.9,28030.0,27995.58,27998.02
2023-03-20,06:32:00,27996.51,28016.7,27982.0,28015.05
2023-03-20,06:33:00,28016.38,28024.21,27988.51,28002.74
2023-03-20,06:34:00,28003.77,28007.35,27990.52,27996.37
2023-03-20,06:35:00,27995.44,28019.99,27993.18,28016.69
2023-03-20,06:36:00,28016.79,28041.77,28011.79,28037.61
2023-03-20,06:37:00,28039.3,28062.0,28037.61,28045.64
2023-03-20,06:38:00,28043.78,28063.84,28038.47,28060.21
2023-03-20,06:39:00,28057.1,28063.84,28045.22,28048.73
2023-03-20,06:40:00,28050.71,28092.98,28041.73,28082.68
2023-03-20,06:41:00,28085.27,28161.47,28082.69,28131.14
2023-03-20,06:42:00,28131.14,28162.62,28106.96,28111.11
2023-03-20,06:43:00,28108.79,28135.63,28106.96,28123.26
2023-03-20,06:44:00,28123.26,28140.0,28115.81,28118.47
2023-03-20,06:45:00,28118.48,28153.0,28114.0,28125.0
2023-03-20,06:46:00,28125.67,28138.53,28118.83,28124.67
2023-03-20,06:47:00,28124.67,28128.47,28080.0,28102.85
2023-03-20,06:48:00,28102.85,28126.72,28086.36,28122.9
2023-03-20,06:49:00,28121.99,28130.99,28100.65,28102.8
2023-03-20,06:50:00,28104.5,28132.0,28090.89,28123.3
2023-03-20,06:51:00,28125.33,28141.64,28119.83,28136.17
2023-03-20,06:52:00,28134.34,28141.18,28120.67,28133.0
2023-03-20,06:53:00,28133.0,28133.26,28103.09,28130.67
2023-03-20,06:54:00,28130.67,28142.0,28120.67,28140.47
2023-03-20,06:55:00,28140.47,28141.34,28121.06,28127.07
2023-03-20,06:56:00,28128.99,28132.99,28100.16,28130.1
2023-03-20,06:57:00,28131.14,28131.14,28100.0,28102.8
2023-03-20,06:58:00,28102.8,28133.93,28096.0,28126.58
2023-03-20,06:59:00,28126.58,28128.43,28101.23,28112.88
2023-03-20,07:00:00,28110.24,28115.55,28061.9,28081.91
2023-03-20,07:01:00,28081.91,28138.5,28081.51,28131.1
2023-03-20,07:02:00,28133.38,28158.05,28127.69,28144.12
2023-03-20,07:03:00,28144.12,28159.5,28110.0,28155.26
2023-03-20,07:04:00,28153.03,28162.62,28141.09,28155.0
2023-03-20,07:05:00,28155.0,28157.73,28135.68,28152.44
2023-03-20,07:06:00,28152.44,28175.08,28130.0,28142.58
2023-03-20,07:07:00,28142.58,28160.0,28130.21,28134.05
2023-03-20,07:08:00,28135.78,28145.1,28118.0,28134.34
2023-03-20,07:09:00,28135.88,28137.62,28102.67,28120.0
2023-03-20,07:10:00,28118.05,28129.58,28105.0,28124.81
2023-03-20,07:11:00,28124.65,28144.05,28120.0,28138.75
2023-03-20,07:12:00,28138.75,28146.0,28130.99,28138.51
2023-03-20,07:13:00,28140.09,28165.9,28125.0,28159.99
2023-03-20,07:14:00,28160.02,28174.86,28148.01,28152.33
2023-03-20,07:15:00,28153.63,28195.31,28143.63,28167.66
2023-03-20,07:16:00,28169.05,28175.68,28140.68,28157.28
2023-03-20,07:17:00,28157.28,28158.0,28125.0,28153.06
2023-03-20,07:18:00,28154.85,28199.0,28138.78,28195.92
2023-03-20,07:19:00,28197.39,28250.0,28184.12,28224.39
2023-03-20,07:20:00,28224.39,28284.13,28210.9,28216.53
2023-03-20,07:21:00,28218.5,28260.0,28188.19,28251.96
2023-03-20,07:22:00,28254.47,28298.0,28242.16,28258.07
2023-03-20,07:23:00,28258.08,28260.97,28229.84,28252.89
2023-03-20,07:24:00,28254.78,28299.31,28251.44,28262.67
2023-03-20,07:25:00,28259.37,28276.33,28237.57,28251.9
2023-03-20,07:26:00,28249.28,28263.6,28236.62,28245.0
2023-03-20,07:27:00,28245.0,28258.87,28230.67,28244.65
2023-03-20,07:28:00,28245.88,28258.0,28223.3,28248.46
2023-03-20,07:29:00,28248.46,28267.14,28225.8,28231.25
2023-03-20,07:30:00,28231.25,28248.48,28204.23,28216.9
2023-03-20,07:31:00,28216.9,28226.0,28180.6,28183.47
2023-03-20,07:32:00,28185.0,28217.0,28175.54,28199.13
2023-03-20,07:33:00,28199.13,28219.75,28182.17,28184.13
2023-03-20,07:34:00,28184.13,28205.42,28171.37,28188.38
2023-03-20,07:35:00,28188.38,28217.29,28185.71,28209.75
2023-03-20,07:36:00,28209.75,28209.82,28175.0,28196.26
2023-03-20,07:37:00,28196.26,28205.19,28152.03,28170.85
2023-03-20,07:38:00,28170.07,28176.0,28146.26,28155.18
2023-03-20,07:39:00,28152.69,28159.81,28114.3,28149.58
2023-03-20,07:40:00,28149.58,28166.99,28140.0,28149.34
2023-03-20,07:41:00,28151.02,28180.13,28144.5,28157.67
2023-03-20,07:42:00,28155.12,28161.28,28137.95,28148.76
2023-03-20,07:43:00,28148.76,28153.82,28125.33,28137.82
2023-03-20,07:44:00,28137.82,28148.35,28111.0,28118.41
2023-03-20,07:45:00,28120.74,28137.34,28113.85,28113.85
2023-03-20,07:46:00,28113.85,28121.06,28080.0,28103.87
2023-03-20,07:47:00,28104.93,28106.38,28068.3,28070.87
2023-03-20,07:48:00,28070.87,28098.15,28069.02,28090.35
2023-03-20,07:49:00,28089.1,28099.99,28066.61,28091.66
2023-03-20,07:50:00,28091.66,28093.93,28047.08,28056.41
2023-03-20,07:51:00,28056.41,28062.84,28029.0,28030.93
2023-03-20,07:52:00,28030.01,28039.0,28004.34,28013.44
2023-03-20,07:53:00,28013.44,28031.02,27956.11,27970.64
2023-03-20,07:54:00,27970.64,27980.77,27891.79,27904.52
2023-03-20,07:55:00,27904.52,27938.32,27891.56,27917.99
2023-03-20,07:56:00,27921.71,27962.63,27898.01,27958.94
2023-03-20,07:57:00,27958.93,27972.26,27913.48,27955.67
2023-03-20,07:58:00,27957.31,27970.86,27942.76,27948.82
2023-03-20,07:59:00,27947.22,27974.11,27936.13,27972.87
2023-03-20,08:00:00,27972.87,28000.0,27959.92,27969.21
